title,url,pr_num,createdAt,commit_hash,merge_commit,commit_count,file,category,category_watanabe,memo_watanabe,バグ修正っぽいかどうか_watanabe,category_zukawa,memo_zukawa,バグ修正っぽいか_zukawa,is_buggy_matched
sync certs tasks (fix #2596 #2667),https://github.com/kubernetes-sigs/kubespray/pull/2693,2693,2018-04-22T08:05:37Z,80dd230,595e96ebf125823c04a5a7f77e002e5a6affb9f2,1,roles/kubernetes/secrets/tasks/gen_certs_script.yml,add_task,condition,pemの管理がやばそう。findして見つけるようにして、sync_cert: trueするようにしたってことかな。moveでもありそうだけど、条件が変わったことかなぁ。,yes,move,"タスク：Check certs | check if a cert already exists on nodeは移動してきただけ
タスク：Check_certs | Set 'sync_certs' to true on mastersおよびCheck_certs | Set 'sync_certs' to true on nodeはバグ修正に関わるものと考えられる",x,TRUE
sync certs tasks (fix #2596 #2667),https://github.com/kubernetes-sigs/kubespray/pull/2693,2693,2018-04-22T08:05:37Z,80dd230,595e96ebf125823c04a5a7f77e002e5a6affb9f2,1,roles/kubernetes/secrets/tasks/check-certs.yml,remove_task,condition,pemの管理がやばそう。findして見つけるようにして、sync_cert: trueするようにしたってことかな。moveでもありそうだけど、条件が変わったことかなぁ。,yes,move,"タスク：Check certs | check if a cert already exists on nodeに関しては同じ挙動である
タスク：Check_certs | Set 'sync_certs' to trueでは条件の書き方が異なり，二つのタスクに分かれている",x,TRUE
Ensure /etc/bash_completion.d/ folder exists,https://github.com/kubernetes-sigs/kubespray/pull/4543,4543,2019-04-16T21:41:23Z,29d6807,c6586829defc8467eb4e267d6b991482bd5825b6,1,roles/kubernetes/master/tasks/main.yml,add_task,add_task,フォルダが作られていることを確実にする。軽微ではあるが、バグ修正かな。,yes,add_task,タスク：Make sure bash_completion.d folder existsによってClearLinuxの要件を満たすように変更,x,TRUE
Ensure /etc/bash_completion.d/ folder exists,https://github.com/kubernetes-sigs/kubespray/pull/4543,4543,2019-04-16T21:41:23Z,29d6807,c6586829defc8467eb4e267d6b991482bd5825b6,1,roles/kubernetes-apps/helm/tasks/main.yml,add_task,add_task,フォルダが作られていることを確実にする。軽微ではあるが、バグ修正かな。,yes,add_task,同上,x,TRUE
Add proxy support to CRI-O service,https://github.com/kubernetes-sigs/kubespray/pull/4607,4607,2019-04-22T21:16:20Z,"b11bad4,dd6c3a1",2bec26dba50898ba335c4a12f5c4e22bb1ea4486,2,roles/container-engine/cri-o/tasks/main.yaml,add_task,add_task,Restartがmoveなのもあるけど、templateのタスクを追加したのが本質だと思う,yes,add_task,PRで言及されているプロキシの設定を行う,x,TRUE
Add proxy support to CRI-O service,https://github.com/kubernetes-sigs/kubespray/pull/4607,4607,2019-04-22T21:16:20Z,"b11bad4,dd6c3a1",2bec26dba50898ba335c4a12f5c4e22bb1ea4486,2,roles/container-engine/cri-o/vars/redhat.yml,edit_var,edit_var,使わなくなった変数っぽい,no,edit_var,使わなくなった変数の削除,,TRUE
Add proxy support to CRI-O service,https://github.com/kubernetes-sigs/kubespray/pull/4607,4607,2019-04-22T21:16:20Z,"b11bad4,dd6c3a1",2bec26dba50898ba335c4a12f5c4e22bb1ea4486,2,roles/container-engine/cri-o/vars/clearlinux.yml,edit_var,edit_var,使わなくなった変数っぽい,no,edit_var,使わなくなった変数の削除,,TRUE
Add proxy support to CRI-O service,https://github.com/kubernetes-sigs/kubespray/pull/4607,4607,2019-04-22T21:16:20Z,"b11bad4,dd6c3a1",2bec26dba50898ba335c4a12f5c4e22bb1ea4486,2,roles/container-engine/cri-o/vars/fedora.yml,edit_var,edit_var,使わなくなった変数っぽい,no,edit_var,使わなくなった変数の削除,,TRUE
Add proxy support to CRI-O service,https://github.com/kubernetes-sigs/kubespray/pull/4607,4607,2019-04-22T21:16:20Z,"b11bad4,dd6c3a1",2bec26dba50898ba335c4a12f5c4e22bb1ea4486,2,roles/container-engine/cri-o/vars/ubuntu.yml,edit_var,edit_var,使わなくなった変数っぽい,no,edit_var,使わなくなった変数の削除,,TRUE
Add proxy support to CRI-O service,https://github.com/kubernetes-sigs/kubespray/pull/4607,4607,2019-04-22T21:16:20Z,"b11bad4,dd6c3a1",2bec26dba50898ba335c4a12f5c4e22bb1ea4486,2,roles/container-engine/cri-o/handlers/main.yml,move,move,roles/container-engine/cri-o/tasks/main.yamlから移動,no,add_task,サービスをリロードするタスクを追加した,,TRUE
Fix adding output of kubeadm to the admin.conf downloaded to the artifacts directory,https://github.com/kubernetes-sigs/kubespray/pull/4696,4696,2019-05-02T12:44:04Z,3f46b4e,03bded2b6b4714762ddc1efd4252c05a65f983ac,1,roles/kubernetes/client/tasks/main.yml,command,command,catの出力を/dev/nullへ,yes,command,不要な出力結果を/dev/nullに流す,x,TRUE
Update default CentOS version on Azure,https://github.com/kubernetes-sigs/kubespray/pull/4720,4720,2019-05-07T11:39:50Z,f3fbf99,6217184c7f270a4c79cf5c6fbc620ba2da5e9930,1,contrib/azurerm/roles/generate-templates/defaults/main.yml,dependency,dependency,CentOSのバージョン更新,yes,dependency,"CentOSの過去のバージョンによって引き起こされていたエラーであった
Bumpすることで回避できた",x,TRUE
kubeadm join path fixed for RH / CentOS linux,https://github.com/kubernetes-sigs/kubespray/pull/4798,4798,2019-05-22T18:14:28Z,9.65E+270,333f1a4a4085d82e9ea5494cffbea967a8b622cd,1,roles/kubernetes/kubeadm/tasks/main.yml,filepath,fileptah,/sbinをPATHに追加,yes,edit_var,PATHの不具合,x,TRUE
Preinstall fails on checking etcd group length,https://github.com/kubernetes-sigs/kubespray/pull/4839,4839,2019-06-04T17:41:36Z,7034940,d5405606196f27781cf700a80af20e65827c2e0f,1,roles/kubernetes/preinstall/tasks/0020-verify-settings.yml,condition,condition,値はおかしくないので、実行する条件を修正するのが必要だった,yes,condition,assertタスクに適切な条件の付与,x,TRUE
bump rpm based docker versions to docker-ce-18.06.3.ce-3,https://github.com/kubernetes-sigs/kubespray/pull/4925,4925,2019-06-27T08:27:55Z,9b4d371,d3f60799913539f247f8ba71297607ab15f13d4a,1,roles/container-engine/docker/vars/fedora.yml,dependency,dependency,docker-ceのバージョン更新,yes,dependency,直接的な不具合が発生していたわけではないが．脆弱性対策のため,,FALSE
bump rpm based docker versions to docker-ce-18.06.3.ce-3,https://github.com/kubernetes-sigs/kubespray/pull/4925,4925,2019-06-27T08:27:55Z,9b4d371,d3f60799913539f247f8ba71297607ab15f13d4a,1,roles/container-engine/docker/vars/redhat.yml,dependency,dependency,docker-ceのバージョン更新,yes,dependency,同上,,FALSE
kubeadm_discovery_address should not contain proto,https://github.com/kubernetes-sigs/kubespray/pull/4930,4930,2019-06-27T15:47:07Z,fa25344,c7f3123e285e6081717b3e5740a0acd23758926d,1,roles/kubernetes/kubeadm/tasks/main.yml,filter,filter,https:// のプロトコルが不要,yes,filter,"URLの処理に問題があった
(stderr: too many colons in address)",x,TRUE
Fix calico handler for containerd,https://github.com/kubernetes-sigs/kubespray/pull/4985,4985,2019-07-16T14:43:05Z,d1702e7,428e52e0d14576e5c461f7169fcff5751342f455,1,roles/network_plugin/calico/handlers/main.yml,add_task,add_task,containerd用に新たに削除タスクを追加している,yes,add_task,"notify, filepath, rename_task, add_task",x,TRUE
Use python3-libselinux on RHEL8/Centos8,https://github.com/kubernetes-sigs/kubespray/pull/5127,5127,2019-08-27T15:01:51Z,"c4c7e7b,100b5f9",4d95bb1421426eb5d3eceacad1ebec56354be331,2,roles/kubernetes/preinstall/vars/centos.yml,edit_args,edit_args,python3-libselinuxをインストールする,yes,jinja2,Pythonバージョンによるパッケージの選択,x,TRUE
Use python3-libselinux on RHEL8/Centos8,https://github.com/kubernetes-sigs/kubespray/pull/5127,5127,2019-08-27T15:01:51Z,"c4c7e7b,100b5f9",4d95bb1421426eb5d3eceacad1ebec56354be331,2,roles/kubernetes/preinstall/vars/redhat.yml,edit_args,edit_args,python3-libselinuxをインストールする,yes,jinja2,Pythonバージョンによるパッケージの選択,x,TRUE
Use python3-libselinux on RHEL8/Centos8,https://github.com/kubernetes-sigs/kubespray/pull/5127,5127,2019-08-27T15:01:51Z,"c4c7e7b,100b5f9",4d95bb1421426eb5d3eceacad1ebec56354be331,2,roles/bootstrap-os/tasks/bootstrap-centos.yml,edit_args,edit_args,python3-libselinuxをインストールする,yes,jinja2,Pythonバージョンによるパッケージの選択,x,TRUE
fix broken scale procedure:,https://github.com/kubernetes-sigs/kubespray/pull/5193,5193,2019-09-21T22:18:15Z,5a03123,8cb54cd74d93d79a9af4487215be2ebfed7d4baa,1,scale.yml,condition,edit_var,この値は、docker info の kubelet_cgroup_driver_detected の autodetect をオーバーライドします,yes,condition,etcd_kubeadm_enabled == trueによってエラーが引き起こされるので，その変数の状態によってロールの起動を制御する,x,TRUE
fix broken scale procedure:,https://github.com/kubernetes-sigs/kubespray/pull/5193,5193,2019-09-21T22:18:15Z,5a03123,8cb54cd74d93d79a9af4487215be2ebfed7d4baa,1,roles/container-engine/containerd/defaults/main.yml,edit_var,condition,特定の場合にetcdタスクを実行しないようなwhenを追加,yes,edit_var,コンフィグが間違っている,x,TRUE
Fix getting nameserver and search for /etc/resolv.conf with comments,https://github.com/kubernetes-sigs/kubespray/pull/5197,5197,2019-09-24T14:40:45Z,f0e14c6,9d8fc8caad61cf1fb1a5ce4570dd8b05f51f56d7,1,roles/container-engine/docker/tasks/set_facts_dns.yml,command,command,コメント文を考慮した正規表現に修正,yes,command,取得したエントリによってはエラーが発生するため，文字列処理を修正,x,TRUE
fix wrong path in include install_host.yml in etcd role,https://github.com/kubernetes-sigs/kubespray/pull/5256,5256,2019-10-13T19:44:59Z,605598a,932935ecc7cb23d9ad2b726d94d424f1199a79c6,1,roles/etcd/tasks/main.yml,filepath,filepath,includeするタスクのファイルパスの修正,yes,filepath,etcd_kubeadm_enabled == trueのときにファイルパスでエラーが発生するため，その修正,x,TRUE
restart kubelet service when kube-config.yml is changed,https://github.com/kubernetes-sigs/kubespray/pull/5402,5402,2019-12-03T11:06:12Z,"e7d0957,75c389a,ed07897",d036a04d4dc977d4bcad1e47836a42ad1ecd6d14,3,roles/kubernetes/node/tasks/kubelet.yml,notify,notify,再起動する必要があるので、notifyを追加,yes,notify,kubelet-config.ymlを変更した時はサービスのリロードが必要,x,TRUE
restart kubelet service when kube-config.yml is changed,https://github.com/kubernetes-sigs/kubespray/pull/5402,5402,2019-12-03T11:06:12Z,"e7d0957,75c389a,ed07897",d036a04d4dc977d4bcad1e47836a42ad1ecd6d14,3,roles/kubernetes/node/handlers/main.yml,rename_task,rename_task,誤解しそうなタスク名の修正,no,rename_task,"Misleading handle name. I thought the reload is a SIGHUP, not a restart",,TRUE
Ubuntu CRI-O,https://github.com/kubernetes-sigs/kubespray/pull/5426,5426,2019-12-10T13:21:05Z,"fec5d4b,9e9cd23,b7ad60c,51d85ab,3526c43,5eb2206,9982d10",ccbcad9741488c312aae0b825637f39d0c8ca7b8,7,roles/container-engine/cri-o/tasks/crictl.yml,add_task,add_task,crictlをインストールするタスクを追加,yes,add_task,"I copied the crictl.yml task from the containerd container-engine role, maybe there is a better way to fix this?",x,TRUE
Ubuntu CRI-O,https://github.com/kubernetes-sigs/kubespray/pull/5426,5426,2019-12-10T13:21:05Z,"fec5d4b,9e9cd23,b7ad60c,51d85ab,3526c43,5eb2206,9982d10",ccbcad9741488c312aae0b825637f39d0c8ca7b8,7,roles/container-engine/cri-o/vars/ubuntu.yml,filepath,filepath,crictlへのファイルパスの修正。インストールする場所が変更された？,yes,filepath,?,,FALSE
Ubuntu CRI-O,https://github.com/kubernetes-sigs/kubespray/pull/5426,5426,2019-12-10T13:21:05Z,"fec5d4b,9e9cd23,b7ad60c,51d85ab,3526c43,5eb2206,9982d10",ccbcad9741488c312aae0b825637f39d0c8ca7b8,7,roles/container-engine/cri-o/tasks/main.yaml,include,include,crictlのインストールをしている？既にそのタスクはありそうだけど、,yes,include,コピーしてきたファイルをインクルードしている,,FALSE
Cilium updates,https://github.com/kubernetes-sigs/kubespray/pull/5438,5438,2019-12-12T11:57:13Z,"d069323,c2968fa,f97ff53,536c033,c4eea1a,be7ba47,ef4105e,c16dd9a,157af52,37617b1",e257d92f41259f388839c34744d0d1b188755302,10,roles/download/defaults/main.yml,dependency,dependency,ciliumのバージョン更新,yes,dependency,古いバージョンだと動作しないため，最低要件の変更,x,TRUE
Cilium updates,https://github.com/kubernetes-sigs/kubespray/pull/5438,5438,2019-12-12T11:57:13Z,"d069323,c2968fa,f97ff53,536c033,c4eea1a,be7ba47,ef4105e,c16dd9a,157af52,37617b1",e257d92f41259f388839c34744d0d1b188755302,10,roles/network_plugin/cilium/defaults/main.yml,edit_var,edit_var,変数追加。バージョン更新で機能が増えたのかな,no,edit_var,新しいバージョンのセットアップに必要な変数を追加,x,FALSE
Bump nodelocaldns version to 1.15.8,https://github.com/kubernetes-sigs/kubespray/pull/5447,5447,2019-12-13T08:14:14Z,"e4b7fed,f99dd63",370a0635fae8b4904bb6bf7936884195d1ab327f,2,roles/download/defaults/main.yml,dependency,dependency,バージョン更新,yes,dependency,依存ツールのバージョンアップによって関連するバグの修正が行われた,x,TRUE
Fix Cinder CSI bugs,https://github.com/kubernetes-sigs/kubespray/pull/5492,5492,2019-12-23T08:43:40Z,ff66a90,d56e9f6b8053273b40b9b05f803672c4ee23ee95,1,roles/kubernetes-apps/csi_driver/cinder/tasks/cinder-credential-check.yml,condition,when,本来は、check cinder_tenant_id valueするべきなところを、cinder_trust_idをチェックしていた,yes,condition,tenant_id or tenant_nameを使うように変更,x,TRUE
Fix Cinder CSI bugs,https://github.com/kubernetes-sigs/kubespray/pull/5492,5492,2019-12-23T08:43:40Z,ff66a90,d56e9f6b8053273b40b9b05f803672c4ee23ee95,1,roles/kubernetes-apps/csi_driver/cinder/defaults/main.yml,fallback,fallback,cinder_tenant_nameのfallbackが設定されている,no,fallback,default()の値に間違いがあった,x,FALSE
[2.12] Ensure we always fixup kube-proxy kubeconfig,https://github.com/kubernetes-sigs/kubespray/pull/5558,5558,2020-01-20T16:00:03Z,3fc1297,366fb084ef03a72ed99dfbce8f18f51b8ec0d7ac,1,roles/kubernetes/kubeadm/tasks/main.yml,condition,condition,何度も適用しなきゃいけないことになってしまうので、このコミットを追加することでなんとか出来るっぽい？,yes,directive,delegate_toによる操作対象のホストを変更,x,TRUE
[2.11] Ensure we always fixup kube-proxy kubeconfig,https://github.com/kubernetes-sigs/kubespray/pull/5559,5559,2020-01-20T16:00:23Z,3edf28b,abe9b40602ce416fa229c0b3540b1b12f4d6d922,1,roles/kubernetes/kubeadm/tasks/main.yml,condition,condition,何度も適用しなきゃいけないことになってしまうので、このコミットを追加することでなんとか出来るっぽい？,yes,directive,同上,x,TRUE
Fix hashes... kubernetes 1.17.2,https://github.com/kubernetes-sigs/kubespray/pull/5581,5581,2020-01-24T09:42:37Z,79d68d8,54d9404c0e4fad6aa5df64a0452ec7e84a029937,1,roles/download/defaults/main.yml,check_sum,check_sum,ハッシュ値の修正,yes,check_sum,Fix my mistake ;),,FALSE
Fix assertion in download role,https://github.com/kubernetes-sigs/kubespray/pull/5791,5791,2020-03-18T17:19:15Z,1ec326e,d152dc2e6af6e8d6ce02769a54332c7a36f1f420,1,roles/download/tasks/prep_download.yml,become,become,become: falseを強制する,yes,become,実行ユーザーがsudo権限を持っていないのでbecome:trueに失敗する,x,TRUE
Fix certificates checking when adding etcd node to existing k8s node,https://github.com/kubernetes-sigs/kubespray/pull/5807,5807,2020-03-20T19:24:08Z,579382c,6ad660987278ca3c711c3f89c1fc3f206ed02d67,1,roles/etcd/tasks/check_certs.yml,jinja2,jinja2,gen_master_certsを設定する,yes,jinja2,,x,TRUE
Fix certificates checking when adding etcd node to existing k8s node,https://github.com/kubernetes-sigs/kubespray/pull/5807,5807,2020-03-20T19:24:08Z,579382c,6ad660987278ca3c711c3f89c1fc3f206ed02d67,1,roles/etcd/tasks/gen_certs_script.yml,jinja2,jinja2,gen_node_certsの代わりに、gen_master_certsを利用。これは、check_certs.ymlで定義されるようになっている。,yes,jinja2,,x,TRUE
Fix wrong Docker ubuntu repo URL,https://github.com/kubernetes-sigs/kubespray/pull/5815,5815,2020-03-23T15:49:09Z,274cf8f,f90926389a1d04fde50e9e595cc147fc7aa6a236,1,roles/container-engine/docker/vars/ubuntu-amd64.yml,edit_args,edit_args,debianじゃなくてubuntu,yes,edit_args,ubuntuの為の適切な変数（docker_ubuntu_repo_gpgkey）を使うように,x,TRUE
Fix wrong Docker ubuntu repo URL,https://github.com/kubernetes-sigs/kubespray/pull/5815,5815,2020-03-23T15:49:09Z,274cf8f,f90926389a1d04fde50e9e595cc147fc7aa6a236,1,roles/container-engine/docker/vars/ubuntu-arm64.yml,edit_args,edit_args,debianじゃなくてubuntu,yes,edit_args,同上,x,TRUE
[2.12] Fix certificates checking when adding etcd node to existing k8s node (#5807),https://github.com/kubernetes-sigs/kubespray/pull/5826,5826,2020-03-25T20:13:11Z,372b4af,fde234fda77ed2ef483b522ba951c63f5da9c364,1,roles/etcd/tasks/check_certs.yml,jinja2,jinja2,gen_master_certsを設定する,yes,jinja2,579382cと同じ？,x,TRUE
[2.12] Fix certificates checking when adding etcd node to existing k8s node (#5807),https://github.com/kubernetes-sigs/kubespray/pull/5826,5826,2020-03-25T20:13:11Z,372b4af,fde234fda77ed2ef483b522ba951c63f5da9c364,1,roles/etcd/tasks/gen_certs_script.yml,jinja2,jinja2,gen_node_certsの代わりに、gen_master_certsを利用。これは、check_certs.ymlで定義されるようになっている。,yes,jinja2,,x,TRUE
Drop support for Fedora 28 and add Fedora 30 and 31,https://github.com/kubernetes-sigs/kubespray/pull/5969,5969,2020-04-17T09:24:06Z,6f533f5,3134dd4c0df07d1f8c912e5ec6fb999eec3a4100,1,roles/container-engine/docker/tasks/main.yml,add_task,add_task,Fedora 31+向けの追加タスク,yes,add_task,PRでは特に言及されていない,,FALSE
Drop support for Fedora 28 and add Fedora 30 and 31,https://github.com/kubernetes-sigs/kubespray/pull/5969,5969,2020-04-17T09:24:06Z,6f533f5,3134dd4c0df07d1f8c912e5ec6fb999eec3a4100,1,roles/bootstrap-os/tasks/bootstrap-fedora.yml,edit_args,edit_args,python2からpython3へ移行したっぽい,yes,edit_args,Fedora31でpythonのパッケージインストールエラーへの対処,x,TRUE
Drop support for Fedora 28 and add Fedora 30 and 31,https://github.com/kubernetes-sigs/kubespray/pull/5969,5969,2020-04-17T09:24:06Z,6f533f5,3134dd4c0df07d1f8c912e5ec6fb999eec3a4100,1,roles/kubernetes/preinstall/vars/fedora.yml,edit_var,edit_var,libselinux-python3を使うようにした,yes,edit_var,インストールするパッケージの変更,x,TRUE
Drop support for Fedora 28 and add Fedora 30 and 31,https://github.com/kubernetes-sigs/kubespray/pull/5969,5969,2020-04-17T09:24:06Z,6f533f5,3134dd4c0df07d1f8c912e5ec6fb999eec3a4100,1,test-infra/image-builder/roles/kubevirt-images/defaults/main.yml,other,edit_var,テスト用の変数の設定,no,other,test-infra関係なのでパス,,TRUE
Drop support for Fedora 28 and add Fedora 30 and 31,https://github.com/kubernetes-sigs/kubespray/pull/5969,5969,2020-04-17T09:24:06Z,6f533f5,3134dd4c0df07d1f8c912e5ec6fb999eec3a4100,1,tests/files/packet_fedora31-flannel.yml,other,other,ymlファイルだけど、Ansibleには関係無い他のツール用のファイルだと思う。,no,other,test関係なのでパス,,TRUE
Drop support for Fedora 28 and add Fedora 30 and 31,https://github.com/kubernetes-sigs/kubespray/pull/5969,5969,2020-04-17T09:24:06Z,6f533f5,3134dd4c0df07d1f8c912e5ec6fb999eec3a4100,1,.gitlab-ci/packet.yml,other,other,gitlab,no,other,gitlab-ci関係なのでパス,,TRUE
Drop support for Fedora 28 and add Fedora 30 and 31,https://github.com/kubernetes-sigs/kubespray/pull/5969,5969,2020-04-17T09:24:06Z,6f533f5,3134dd4c0df07d1f8c912e5ec6fb999eec3a4100,1,tests/cloud_playbooks/roles/packet-ci/defaults/main.yml,other,edit_var,gitlabのイメージのbase64,no,other,test関係なのでパス,,TRUE
Drop support for Fedora 28 and add Fedora 30 and 31,https://github.com/kubernetes-sigs/kubespray/pull/5969,5969,2020-04-17T09:24:06Z,6f533f5,3134dd4c0df07d1f8c912e5ec6fb999eec3a4100,1,tests/files/packet_fedora30-weave.yml,other,other,ymlファイルだけど、Ansibleには関係無い他のツール用のファイルだと思う。,no,other,test関係なのでパス,,TRUE
Ubuntu crio repo,https://github.com/kubernetes-sigs/kubespray/pull/5994,5994,2020-04-20T20:34:22Z,"41b182d,5b45b03,fb7b83f,f7fe1d4,1b562cb,0c42251",b0484fe3e5cc32b16134e139bba2cc5d2b40ffcf,6,roles/container-engine/cri-o/tasks/crio_repo.yml,add_task,move,roles/container-engine/cri-o/tasks/main.yamlから移動とタスクの追加,yes,add_task,ubuntuでも利用可能にするためのタスクを追加,x,TRUE
Ubuntu crio repo,https://github.com/kubernetes-sigs/kubespray/pull/5994,5994,2020-04-20T20:34:22Z,"41b182d,5b45b03,fb7b83f,f7fe1d4,1b562cb,0c42251",b0484fe3e5cc32b16134e139bba2cc5d2b40ffcf,6,roles/container-engine/cri-o/vars/ubuntu.yml,edit_var,filter,バージョンをfilterでごにょごにょいじってる,yes,edit_var,使用する依存パッケージのバージョンをkubesprayのバージョンに対応させている,,FALSE
Ubuntu crio repo,https://github.com/kubernetes-sigs/kubespray/pull/5994,5994,2020-04-20T20:34:22Z,"41b182d,5b45b03,fb7b83f,f7fe1d4,1b562cb,0c42251",b0484fe3e5cc32b16134e139bba2cc5d2b40ffcf,6,roles/container-engine/cri-o/tasks/main.yaml,move,move,roles/container-engine/cri-o/tasks/crio_repo.ymlに移動,yes,move,crio_repoファイルをロードする,,FALSE
Ubuntu crio repo,https://github.com/kubernetes-sigs/kubespray/pull/5994,5994,2020-04-20T20:34:22Z,"41b182d,5b45b03,fb7b83f,f7fe1d4,1b562cb,0c42251",b0484fe3e5cc32b16134e139bba2cc5d2b40ffcf,6,roles/container-engine/cri-o/defaults/main.yml,no_effect,no_effect,改行の追加,no,no_effect,変更なし,,TRUE
"Centos, debian and fedora CRI-O repo",https://github.com/kubernetes-sigs/kubespray/pull/6008,6008,2020-04-22T22:47:46Z,"47ed8d4,9b62847,63812e7,3ff750d,3b6fd60,39cee54,4342f2e,427c327",cf1566e8ed4c04fd82a848bdf5fe3545fe719443,8,roles/container-engine/cri-o/tasks/main.yaml,add_task,add_task,タスク追加,yes,add_task,cri-oのパッケージ関連に準ずる修正,x,TRUE
"Centos, debian and fedora CRI-O repo",https://github.com/kubernetes-sigs/kubespray/pull/6008,6008,2020-04-22T22:47:46Z,"47ed8d4,9b62847,63812e7,3ff750d,3b6fd60,39cee54,4342f2e,427c327",cf1566e8ed4c04fd82a848bdf5fe3545fe719443,8,roles/container-engine/cri-o/tasks/crio_repo.yml,add_task,edit_args,add_task?かと思ったけど、リポジトリの情報が変化したのが本質かも。,yes,add_task,ディストリビューションに合わせてリポジトリをダウンロードできるように修正,x,TRUE
"Centos, debian and fedora CRI-O repo",https://github.com/kubernetes-sigs/kubespray/pull/6008,6008,2020-04-22T22:47:46Z,"47ed8d4,9b62847,63812e7,3ff750d,3b6fd60,39cee54,4342f2e,427c327",cf1566e8ed4c04fd82a848bdf5fe3545fe719443,8,roles/container-engine/cri-o/tasks/crictl.yml,condition,condition,全OSで実行するようになった？,yes,condition,completionの取得,,FALSE
"Centos, debian and fedora CRI-O repo",https://github.com/kubernetes-sigs/kubespray/pull/6008,6008,2020-04-22T22:47:46Z,"47ed8d4,9b62847,63812e7,3ff750d,3b6fd60,39cee54,4342f2e,427c327",cf1566e8ed4c04fd82a848bdf5fe3545fe719443,8,roles/container-engine/cri-o/vars/centos-7.yml,edit_var,edit_var,インストールするパッケージのリスト,yes,edit_var,パッケージの指定,,FALSE
"Centos, debian and fedora CRI-O repo",https://github.com/kubernetes-sigs/kubespray/pull/6008,6008,2020-04-22T22:47:46Z,"47ed8d4,9b62847,63812e7,3ff750d,3b6fd60,39cee54,4342f2e,427c327",cf1566e8ed4c04fd82a848bdf5fe3545fe719443,8,roles/container-engine/cri-o/vars/centos-8.yml,edit_var,edit_var,インストールするパッケージのリスト,yes,edit_var,同上,,FALSE
"Centos, debian and fedora CRI-O repo",https://github.com/kubernetes-sigs/kubespray/pull/6008,6008,2020-04-22T22:47:46Z,"47ed8d4,9b62847,63812e7,3ff750d,3b6fd60,39cee54,4342f2e,427c327",cf1566e8ed4c04fd82a848bdf5fe3545fe719443,8,roles/container-engine/cri-o/vars/debian.yml,edit_var,edit_var,インストールするパッケージのリストとパス,yes,edit_var,パッケージ名の指定,,FALSE
"Centos, debian and fedora CRI-O repo",https://github.com/kubernetes-sigs/kubespray/pull/6008,6008,2020-04-22T22:47:46Z,"47ed8d4,9b62847,63812e7,3ff750d,3b6fd60,39cee54,4342f2e,427c327",cf1566e8ed4c04fd82a848bdf5fe3545fe719443,8,roles/container-engine/cri-o/vars/fedora.yml,edit_var,edit_var,変数の削除,yes,edit_var,crio_runc_pathの削除,,FALSE
"Centos, debian and fedora CRI-O repo",https://github.com/kubernetes-sigs/kubespray/pull/6008,6008,2020-04-22T22:47:46Z,"47ed8d4,9b62847,63812e7,3ff750d,3b6fd60,39cee54,4342f2e,427c327",cf1566e8ed4c04fd82a848bdf5fe3545fe719443,8,roles/container-engine/cri-o/defaults/main.yml,edit_var,move,roles/container-engine/cri-o/vars/{{OS_NAME}}.yml のあたりのデフォルト値が移動されてきた,no,edit_var,404であったcrio_rhel_repo_base_urlの削除,x,FALSE
"Centos, debian and fedora CRI-O repo",https://github.com/kubernetes-sigs/kubespray/pull/6008,6008,2020-04-22T22:47:46Z,"47ed8d4,9b62847,63812e7,3ff750d,3b6fd60,39cee54,4342f2e,427c327",cf1566e8ed4c04fd82a848bdf5fe3545fe719443,8,roles/container-engine/cri-o/vars/clearlinux.yml,move,move,roles/container-engine/cri-o/defaults/main.ymlにdefaultとして移動された,no,filepath,ファイルパスの削除,,TRUE
"Centos, debian and fedora CRI-O repo",https://github.com/kubernetes-sigs/kubespray/pull/6008,6008,2020-04-22T22:47:46Z,"47ed8d4,9b62847,63812e7,3ff750d,3b6fd60,39cee54,4342f2e,427c327",cf1566e8ed4c04fd82a848bdf5fe3545fe719443,8,roles/container-engine/cri-o/vars/redhat.yml,move,move,roles/container-engine/cri-o/defaults/main.ymlにdefaultとして移動された,no,edit_var,同上,,TRUE
"Centos, debian and fedora CRI-O repo",https://github.com/kubernetes-sigs/kubespray/pull/6008,6008,2020-04-22T22:47:46Z,"47ed8d4,9b62847,63812e7,3ff750d,3b6fd60,39cee54,4342f2e,427c327",cf1566e8ed4c04fd82a848bdf5fe3545fe719443,8,roles/container-engine/cri-o/vars/ubuntu.yml,move,move,roles/container-engine/cri-o/defaults/main.ymlにdefaultとして移動された,no,edit_var,パッケージ名の指定,,TRUE
"Centos, debian and fedora CRI-O repo",https://github.com/kubernetes-sigs/kubespray/pull/6008,6008,2020-04-22T22:47:46Z,"47ed8d4,9b62847,63812e7,3ff750d,3b6fd60,39cee54,4342f2e,427c327",cf1566e8ed4c04fd82a848bdf5fe3545fe719443,8,roles/container-engine/cri-o/molecule/default/molecule.yml,other,edit_var,molecule用の変数の追加,no,other,,,TRUE
Update default (erroneous) backend value for calico,https://github.com/kubernetes-sigs/kubespray/pull/6031,6031,2020-04-26T21:01:56Z,c145d3c,3ff6a2e7ff985a8cfa1be6f72642019a605f0a84,1,inventory/sample/group_vars/k8s-cluster/k8s-net-calico.yml,comment,no_effect,サンプル。,no,edit_var,同上,x,FALSE
Update default (erroneous) backend value for calico,https://github.com/kubernetes-sigs/kubespray/pull/6031,6031,2020-04-26T21:01:56Z,c145d3c,3ff6a2e7ff985a8cfa1be6f72642019a605f0a84,1,roles/network_plugin/calico/defaults/main.yml,edit_var,edit_var,変数の値の変更,yes,edit_var,ミドルウェア側の変更に合わせる,x,TRUE
Fix resolv.conf configuration for Fedora CoreOS.,https://github.com/kubernetes-sigs/kubespray/pull/6155,6155,2020-05-18T09:38:12Z,24a2231,dd539cf360822e6255eef1415f972bd2112d3343,1,roles/kubernetes/preinstall/handlers/main.yml,condition,condition,Fedora CoreOS向けのwhenを追加,yes,condition,特定のOSと変数値の場合に失敗するタスクを避ける,x,TRUE
Fix resolv.conf configuration for Fedora CoreOS.,https://github.com/kubernetes-sigs/kubespray/pull/6155,6155,2020-05-18T09:38:12Z,24a2231,dd539cf360822e6255eef1415f972bd2112d3343,1,roles/kubernetes/preinstall/tasks/0040-set_facts.yml,condition,condition,Fedora CoreOS向けのwhenを追加,yes,condition,同上,x,TRUE
Fix resolv.conf configuration for Fedora CoreOS.,https://github.com/kubernetes-sigs/kubespray/pull/6155,6155,2020-05-18T09:38:12Z,24a2231,dd539cf360822e6255eef1415f972bd2112d3343,1,roles/kubernetes/preinstall/tasks/0060-resolvconf.yml,condition,condition,Fedora CoreOS向けのwhenを追加,yes,condition,同上,x,TRUE
fix CRI-O repos for centos distributions,https://github.com/kubernetes-sigs/kubespray/pull/6224,6224,2020-06-03T09:35:10Z,"0bf8902,009e42b,c60f522,830f46c",750db9139a046ac5a3539bc8e80f22aadab5cfeb,4,roles/container-engine/cri-o/vars/centos-8.yml,edit_var,edit_var,roles/container-engine/cri-o/defaults/main.ymlにdefaultとして定義された。値を書き換えるとバグるか？,yes,edit_var,不要な変数の削除,,FALSE
fix CRI-O repos for centos distributions,https://github.com/kubernetes-sigs/kubespray/pull/6224,6224,2020-06-03T09:35:10Z,"0bf8902,009e42b,c60f522,830f46c",750db9139a046ac5a3539bc8e80f22aadab5cfeb,4,roles/container-engine/cri-o/vars/centos-7.yml,edit_var,edit_var,roles/container-engine/cri-o/defaults/main.ymlにdefaultとして定義された。値を書き換えるとバグるか？,yes,edit_var,不要な変数の削除,,FALSE
fix CRI-O repos for centos distributions,https://github.com/kubernetes-sigs/kubespray/pull/6224,6224,2020-06-03T09:35:10Z,"0bf8902,009e42b,c60f522,830f46c",750db9139a046ac5a3539bc8e80f22aadab5cfeb,4,roles/container-engine/cri-o/tasks/crio_repo.yml,filepath,filepath,URLの変更,yes,edit_args,ダウンロード先のURLに変更があった,x,TRUE
"fix a few tasks falsely reporting ""changed""",https://github.com/kubernetes-sigs/kubespray/pull/6269,6269,2020-06-12T18:56:37Z,ecdb48c,a8740c6e13f52b500ec5f7f27cc49ecee57eac1c,1,roles/kubernetes/master/tasks/kubeadm-version.yml,directive,directive,changedになるのを容認したい。Ansible的には嬉しいけど、バグじゃなさそう。,no,rename_task,タスク名の変更,,TRUE
"fix a few tasks falsely reporting ""changed""",https://github.com/kubernetes-sigs/kubespray/pull/6269,6269,2020-06-12T18:56:37Z,ecdb48c,a8740c6e13f52b500ec5f7f27cc49ecee57eac1c,1,roles/kubernetes/node/tasks/kubelet.yml,directive,directive,changedになるのを容認したい。Ansible的には嬉しいけど、バグじゃなさそう。,no,rename_task,同上,,TRUE
"fix a few tasks falsely reporting ""changed""",https://github.com/kubernetes-sigs/kubespray/pull/6269,6269,2020-06-12T18:56:37Z,ecdb48c,a8740c6e13f52b500ec5f7f27cc49ecee57eac1c,1,roles/kubernetes/kubeadm/tasks/main.yml,directive,directive,changedになるのを容認したい。Ansible的には嬉しいけど、バグじゃなさそう。,no,directive,"commandモジュールに""changed_when""を追加するだけ",,TRUE
"fix a few tasks falsely reporting ""changed""",https://github.com/kubernetes-sigs/kubespray/pull/6269,6269,2020-06-12T18:56:37Z,ecdb48c,a8740c6e13f52b500ec5f7f27cc49ecee57eac1c,1,roles/kubernetes/preinstall/tasks/0040-set_facts.yml,directive,directive,changedになるのを容認したい。Ansible的には嬉しいけど、バグじゃなさそう。,no,directive,同上,,TRUE
"fix a few tasks falsely reporting ""changed""",https://github.com/kubernetes-sigs/kubespray/pull/6269,6269,2020-06-12T18:56:37Z,ecdb48c,a8740c6e13f52b500ec5f7f27cc49ecee57eac1c,1,roles/kubernetes/master/tasks/kubeadm-setup.yml,directive,directive,changedになるのを容認したい。Ansible的には嬉しいけど、バグじゃなさそう。,no,directive,同上,,TRUE
Local volume provisioner role workaround for mitogen,https://github.com/kubernetes-sigs/kubespray/pull/6312,6312,2020-06-23T13:54:37Z,a3ae660,9433fe46c806de7eeea6f9f67e786594bd765868,1,roles/kubernetes-apps/external_provisioner/local_volume_provisioner/tasks/basedirs.yml,add_task,directive,情報がねぇ！なんか変わっているけど、何をしたのかよくわからん。,yes,add_task,フォルダの作成,x,TRUE
Local volume provisioner role workaround for mitogen,https://github.com/kubernetes-sigs/kubespray/pull/6312,6312,2020-06-23T13:54:37Z,a3ae660,9433fe46c806de7eeea6f9f67e786594bd765868,1,roles/kubernetes-apps/external_provisioner/local_volume_provisioner/tasks/main.yml,include,directive,情報がねぇ！なんか変わっているけど、何をしたのかよくわからん。,yes,include,上のタスクをinclude_task,x,TRUE
"Rollback coredns, should not have been updated before 1.19",https://github.com/kubernetes-sigs/kubespray/pull/6573,6573,2020-08-21T13:33:53Z,c0c3a48,1ff95e85f4a0ffb471e2f4af3abe90d9d23db5d8,1,roles/download/defaults/main.yml,dependency,dependency,バージョンを戻す。過去のPRでバージョン挙げられててそもそもなんでapproveされたんだって言っててｗ,yes,dependency,依存関係に問題があるためロールバックした,x,TRUE
Fedora coreos networkmanager global dns and bootstrapping fix,https://github.com/kubernetes-sigs/kubespray/pull/6577,6577,2020-08-23T08:52:07Z,"52453bb,f584aa6,ee6099e,7d6ebf8",2de6a5676d2b7f6a60adbb862abbf09b7b2b1162,4,roles/bootstrap-os/tasks/bootstrap-fedora-coreos.yml,add_task,add_task,タスク追加,yes,add_task,python3-libselinuxをインストールするための処理,x,TRUE
Fedora coreos networkmanager global dns and bootstrapping fix,https://github.com/kubernetes-sigs/kubespray/pull/6577,6577,2020-08-23T08:52:07Z,"52453bb,f584aa6,ee6099e,7d6ebf8",2de6a5676d2b7f6a60adbb862abbf09b7b2b1162,4,roles/kubernetes/preinstall/tasks/0062-networkmanager.yml,edit_args,edit_args,"path, section, optionが変更されているので",yes,edit_args,global-dns-domainを使えるようにした,,FALSE
Fedora coreos networkmanager global dns and bootstrapping fix,https://github.com/kubernetes-sigs/kubespray/pull/6577,6577,2020-08-23T08:52:07Z,"52453bb,f584aa6,ee6099e,7d6ebf8",2de6a5676d2b7f6a60adbb862abbf09b7b2b1162,4,roles/bootstrap-os/defaults/main.yml,edit_var,edit_var,パッケージ名が変更されている,yes,edit_var,パッケージ名の修正,x,TRUE
Check node_ip is defined when removing etcd node,https://github.com/kubernetes-sigs/kubespray/pull/6603,6603,2020-08-31T12:10:06Z,40e91c9,2faf53b0395c85c5954d6210b1a60348408c66e0,1,roles/remove-node/remove-etcd-node/tasks/main.yml,add_task,add_task,assertタスクの追加で対応している,yes,add_task,assertの追加．必要な値が設定されていなくてもエラーが出ていなかったため,,FALSE
Add bin_dir to PATH environment for cluster upgrade tasks,https://github.com/kubernetes-sigs/kubespray/pull/6764,6764,2020-09-29T09:37:11Z,45026cf,7a730d42dd3855fcd2461fd9ab0fd310841f14d5,1,roles/kubernetes/master/tasks/kubeadm-upgrade.yml,directive,directive,バイナリを見つけられるようにPATHがenvironmentが追加されている,yes,edit_var,PATHに追加,x,TRUE
Fix Flannel image tag,https://github.com/kubernetes-sigs/kubespray/pull/6765,6765,2020-09-29T17:23:31Z,1ab02d8,a374301570fe38f7b928a4c23f4f727919880ccb,1,roles/download/defaults/main.yml,jinja2,jinja2,jinja2でアーキテクチャ情報を付加していたけど、必要なくなった,yes,jinja2,不要なタグの削除,,FALSE
Scale cluster playbook failed when etcd installed by kubeadm,https://github.com/kubernetes-sigs/kubespray/pull/6798,6798,2020-10-06T12:16:02Z,29a41d0,6a4d322a7c1ddfdf4e38f6435d20505bdb5d6700,1,roles/etcd/tasks/main.yml,remove_task,remove_task,etcdctlバイナリをインストールする必要はないらしい,yes,remove_task,ワーカーノードに対する不要なetcdのインストールを削除,x,TRUE
fix scaling in kubeadm etcd mode,https://github.com/kubernetes-sigs/kubespray/pull/6822,6822,2020-10-12T15:05:16Z,7093196,3eefb5f2ad40df94158eb4ac4aad911759166c92,1,scale.yml,add_task,add_task,これplaybookか。,yes,add_task,kubeadm_certificate_keyを作成するタスクの追加．エラーの原因を削除,x,TRUE
fix scaling in kubeadm etcd mode,https://github.com/kubernetes-sigs/kubespray/pull/6822,6822,2020-10-12T15:05:16Z,7093196,3eefb5f2ad40df94158eb4ac4aad911759166c92,1,roles/kubernetes/kubeadm/defaults/main.yml,edit_var,edit_var,使わなくなった変数の削除,yes,edit_var,不要な変数の削除,,FALSE
fix scaling in kubeadm etcd mode,https://github.com/kubernetes-sigs/kubespray/pull/6822,6822,2020-10-12T15:05:16Z,7093196,3eefb5f2ad40df94158eb4ac4aad911759166c92,1,roles/kubernetes/kubeadm/tasks/kubeadm_etcd_node.yml,move,edit_args,set_factで変数を定義するのが本質だと思う。,yes,move,Refresh certificates so they are fresh and not expired -> Upload control plane certificates,x,TRUE
Handle dns_mode set to 'none' in generate nameservers task,https://github.com/kubernetes-sigs/kubespray/pull/6825,6825,2020-10-13T23:52:35Z,3a96246,c93fa6effe591f90d59f1d2177f7ee4743ce9fcb,1,roles/kubernetes/preinstall/tasks/0040-set_facts.yml,jinja2,jinja2,dns_mode == 'none'の時の処理を追加したのが本質,yes,jinja2,dns_mode == 'none'の時をキャッチするように変更（fallback?）,x,TRUE
Install cri-o with package version,https://github.com/kubernetes-sigs/kubespray/pull/6853,6853,2020-10-24T06:57:14Z,b83b8b4,d36b5d7d5532ba059c5b1b148b3bbf83c446ab01,1,roles/container-engine/cri-o/vars/centos-7.yml,edit_var,edit_var,バージョンつきのパッケージを指定して取得する,yes,edit_var,crio_packagesを各々のdistroに変数でオーバーライドする,x,TRUE
Install cri-o with package version,https://github.com/kubernetes-sigs/kubespray/pull/6853,6853,2020-10-24T06:57:14Z,b83b8b4,d36b5d7d5532ba059c5b1b148b3bbf83c446ab01,1,roles/container-engine/cri-o/vars/centos-8.yml,edit_var,edit_var,バージョンつきのパッケージを指定して取得する,yes,edit_var,同上,x,TRUE
Install cri-o with package version,https://github.com/kubernetes-sigs/kubespray/pull/6853,6853,2020-10-24T06:57:14Z,b83b8b4,d36b5d7d5532ba059c5b1b148b3bbf83c446ab01,1,roles/container-engine/cri-o/vars/ubuntu.yml,edit_var,edit_var,バージョンつきのパッケージを指定して取得する,yes,edit_var,同上,x,TRUE
Sets cgroup v1 in Fedora +31,https://github.com/kubernetes-sigs/kubespray/pull/6862,6862,2020-10-27T01:43:06Z,b09e480,9cf5dd0291e98a3307daf64e31f6e6fae8bdf391,1,roles/container-engine/cri-o/tasks/main.yaml,add_task,add_task,タスク追加,yes,add_task,Fedoraで動かなかった,x,TRUE
Fixed waiting for scheduler and controller manager,https://github.com/kubernetes-sigs/kubespray/pull/6893,6893,2020-11-07T18:35:19Z,98bfcd3,75f0aaf4a16e158923fa1b05f36a8f473460b9fc,1,roles/kubernetes/master/handlers/main.yml,hard_coded,jinja2,urlのlocalhostの部分をjinja2で制御している,yes,hard_coded,localhostで固定されていたので変数を使うように変更,,FALSE
fix ansible password authentication,https://github.com/kubernetes-sigs/kubespray/pull/6907,6907,2020-11-14T08:06:42Z,e5d950e,80eb1ad936ee743f4209fa767ece3e8530d08786,1,roles/kubernetes/master/tasks/main.yml,other,directive,synchronizeがcopyに変わった,yes,remove_task,synchronizeモジュールの削除,x,TRUE
fix ansible password authentication,https://github.com/kubernetes-sigs/kubespray/pull/6907,6907,2020-11-14T08:06:42Z,e5d950e,80eb1ad936ee743f4209fa767ece3e8530d08786,1,roles/kubernetes/node/tasks/install.yml,other,directive,synchronizeがcopyに変わった,yes,remove_task,同上,x,TRUE
fix ansible password authentication,https://github.com/kubernetes-sigs/kubespray/pull/6907,6907,2020-11-14T08:06:42Z,e5d950e,80eb1ad936ee743f4209fa767ece3e8530d08786,1,roles/download/tasks/prep_kubeadm_images.yml,other,directive,synchronizeがcopyに変わった,yes,remove_task,同上,x,TRUE
fix ansible password authentication,https://github.com/kubernetes-sigs/kubespray/pull/6907,6907,2020-11-14T08:06:42Z,e5d950e,80eb1ad936ee743f4209fa767ece3e8530d08786,1,roles/container-engine/containerd/tasks/crictl.yml,other,directive,synchronizeがcopyに変わった,yes,remove_task,同上,x,TRUE
fix ansible password authentication,https://github.com/kubernetes-sigs/kubespray/pull/6907,6907,2020-11-14T08:06:42Z,e5d950e,80eb1ad936ee743f4209fa767ece3e8530d08786,1,roles/container-engine/cri-o/tasks/crictl.yml,other,directive,synchronizeがcopyに変わった,yes,remove_task,同上,x,TRUE
Add test for Fedora CoreOS before creating Docker service file,https://github.com/kubernetes-sigs/kubespray/pull/6940,6940,2020-11-21T20:03:35Z,f58324f,cc5303e1c8207253c3cc229e63b861fd06b9661e,1,roles/container-engine/docker/tasks/systemd.yml,condition,condition,is_fedora_coreosが追加された,yes,condition,Fedora CoreOSの時に実行しないように変更,x,TRUE
[2.14] Fix nf_conntrack_ipv4 modprobe,https://github.com/kubernetes-sigs/kubespray/pull/7014,7014,2020-12-10T17:41:30Z,081cafd,af84e5609971b4f4f4b5e61615e53046e1692c7d,1,roles/kubernetes/node/tasks/main.yml,remove_task,remove_task,nf_conntrack_ipv4とnf_conntrackが統合されたので、nf_conntrackのタスクが不要になったと読んだ,yes,remove_task,過去バージョンの保守,x,TRUE
Rework proxy support,https://github.com/kubernetes-sigs/kubespray/pull/7095,7095,2021-01-05T01:04:46Z,e1a172a,a790935d02dc2787f6de41695ec955dc49fc93b1,1,cluster.yml,directive,directive,environmentの削除,yes,move,roles/kubespray-defaults/tasks/main.yamlに移動,,FALSE
Rework proxy support,https://github.com/kubernetes-sigs/kubespray/pull/7095,7095,2021-01-05T01:04:46Z,e1a172a,a790935d02dc2787f6de41695ec955dc49fc93b1,1,roles/bootstrap-os/tasks/bootstrap-centos.yml,directive,directive,environmentの追加,yes,edit_var,environmentの追加,,FALSE
Rework proxy support,https://github.com/kubernetes-sigs/kubespray/pull/7095,7095,2021-01-05T01:04:46Z,e1a172a,a790935d02dc2787f6de41695ec955dc49fc93b1,1,roles/bootstrap-os/tasks/bootstrap-coreos.yml,directive,directive,environmentの追加,yes,edit_var,{{ proxy_env }}を使うように変更,,FALSE
Rework proxy support,https://github.com/kubernetes-sigs/kubespray/pull/7095,7095,2021-01-05T01:04:46Z,e1a172a,a790935d02dc2787f6de41695ec955dc49fc93b1,1,roles/bootstrap-os/tasks/bootstrap-debian.yml,directive,directive,environmentの削除,yes,edit_var,environmentの削除,,FALSE
Rework proxy support,https://github.com/kubernetes-sigs/kubespray/pull/7095,7095,2021-01-05T01:04:46Z,e1a172a,a790935d02dc2787f6de41695ec955dc49fc93b1,1,roles/bootstrap-os/tasks/bootstrap-fedora.yml,directive,directive,environmentの削除,yes,edit_var,同上,,FALSE
Rework proxy support,https://github.com/kubernetes-sigs/kubespray/pull/7095,7095,2021-01-05T01:04:46Z,e1a172a,a790935d02dc2787f6de41695ec955dc49fc93b1,1,roles/bootstrap-os/tasks/main.yml,directive,directive,environmentの削除,yes,edit_var,同上,,FALSE
Rework proxy support,https://github.com/kubernetes-sigs/kubespray/pull/7095,7095,2021-01-05T01:04:46Z,e1a172a,a790935d02dc2787f6de41695ec955dc49fc93b1,1,roles/container-engine/containerd/tasks/containerd_repo.yml,directive,directive,environmentの追加,yes,edit_var,{{ proxy_env }}を使うように変更,,FALSE
Rework proxy support,https://github.com/kubernetes-sigs/kubespray/pull/7095,7095,2021-01-05T01:04:46Z,e1a172a,a790935d02dc2787f6de41695ec955dc49fc93b1,1,roles/container-engine/crun/tasks/main.yml,directive,directive,environmentの追加,yes,edit_var,同上,,FALSE
Rework proxy support,https://github.com/kubernetes-sigs/kubespray/pull/7095,7095,2021-01-05T01:04:46Z,e1a172a,a790935d02dc2787f6de41695ec955dc49fc93b1,1,roles/container-engine/docker/tasks/main.yml,directive,directive,environmentの追加,yes,edit_var,同上,,FALSE
Rework proxy support,https://github.com/kubernetes-sigs/kubespray/pull/7095,7095,2021-01-05T01:04:46Z,e1a172a,a790935d02dc2787f6de41695ec955dc49fc93b1,1,roles/download/tasks/download_file.yml,directive,directive,environmentの追加,yes,edit_var,同上,,FALSE
Rework proxy support,https://github.com/kubernetes-sigs/kubespray/pull/7095,7095,2021-01-05T01:04:46Z,e1a172a,a790935d02dc2787f6de41695ec955dc49fc93b1,1,upgrade-cluster.yml,directive,directive,environmentの削除,yes,edit_var,environmentの削除,,FALSE
Rework proxy support,https://github.com/kubernetes-sigs/kubespray/pull/7095,7095,2021-01-05T01:04:46Z,e1a172a,a790935d02dc2787f6de41695ec955dc49fc93b1,1,scale.yml,directive,directive,environmentの削除,yes,edit_var,同上,,FALSE
Rework proxy support,https://github.com/kubernetes-sigs/kubespray/pull/7095,7095,2021-01-05T01:04:46Z,e1a172a,a790935d02dc2787f6de41695ec955dc49fc93b1,1,roles/bootstrap-os/tasks/bootstrap-flatcar.yml,directive,directive,environmentの変更,yes,edit_var,{{ proxy_env }}を使うように変更,,FALSE
Rework proxy support,https://github.com/kubernetes-sigs/kubespray/pull/7095,7095,2021-01-05T01:04:46Z,e1a172a,a790935d02dc2787f6de41695ec955dc49fc93b1,1,reset.yml,move,move,roles/kubespray-defaults/tasks/main.yamlに移動された,no,move,roles/kubespray-defaults/tasks/main.yamlに移動,,TRUE
Rework proxy support,https://github.com/kubernetes-sigs/kubespray/pull/7095,7095,2021-01-05T01:04:46Z,e1a172a,a790935d02dc2787f6de41695ec955dc49fc93b1,1,roles/kubespray-defaults/tasks/main.yaml,move,move,タスクの共通化、他の部分で使われる,no,move,"reset.yml, scale.ymlからの移動",,TRUE
Rework proxy support,https://github.com/kubernetes-sigs/kubespray/pull/7095,7095,2021-01-05T01:04:46Z,e1a172a,a790935d02dc2787f6de41695ec955dc49fc93b1,1,remove-node.yml,move,move,roles/kubespray-defaults/tasks/main.yamlに移動された,no,move,roles/kubespray-defaults/tasks/main.yamlに移動,,TRUE
Require 2.9.0 <= Ansible version < 2.10.0,https://github.com/kubernetes-sigs/kubespray/pull/7130,7130,2021-01-10T23:55:45Z,6782077,8bdd0bb82f932e43cfbd89e41569c68c726a7078,1,ansible_version.yml,edit_args,edit_args,"min, maxをつけて範囲を設定する",yes,edit_var,Ansibleのmaxmalバージョンの指定,x,TRUE
Remove ignore_errors from drain tasks and enable retires,https://github.com/kubernetes-sigs/kubespray/pull/7151,7151,2021-01-13T22:18:30Z,"73b25c6,8073552",ccd3aeebbc5c4da85155b365bab66d6441dc3e81,2,roles/remove-node/pre-remove/tasks/main.yml,add_task,add_task,retryが出来るように、新たなタスクを追加したと見ました,yes,add_task,drainするnodeを取得するように変更,x,TRUE
Remove ignore_errors from drain tasks and enable retires,https://github.com/kubernetes-sigs/kubespray/pull/7151,7151,2021-01-13T22:18:30Z,"73b25c6,8073552",ccd3aeebbc5c4da85155b365bab66d6441dc3e81,2,roles/remove-node/pre-remove/defaults/main.yml,edit_var,edit_var,新たな変数の定義,yes,edit_var,roles/remove-node/pre-remove/tasks/main.ymlで使う変数を追加した,,FALSE
preinstall: fixup etcd_deployment_type check,https://github.com/kubernetes-sigs/kubespray/pull/7152,7152,2021-01-14T00:35:50Z,c054a59,8c1821228df4598d139aa4f9729799291350a470,1,roles/kubernetes/preinstall/tasks/0020-verify-settings.yml,condition,condition,条件追加,yes,condition,,x,TRUE
"Adding other masters sequentially, not in parallel",https://github.com/kubernetes-sigs/kubespray/pull/7166,7166,2021-01-15T10:14:35Z,d1f809e,b2995e4ec48762a3ab68efb9e53567e2eb75d1b9,1,roles/kubernetes/master/tasks/kubeadm-secondary.yml,directive,directive,throttleを追加（こんなのあるんだ）,yes,directive,並行処理させないためのディレクティブ追加,x,TRUE
[2.15] backport cleanups / fixup,https://github.com/kubernetes-sigs/kubespray/pull/7210,7210,2021-01-25T16:46:49Z,"a40fdd9,11df7b5,22b54bc,5df533e,d6ed5f1,029db04,5d48ab5,bf1f066,6fb7600,81b95e9",1727b3501ff75d13f960a8a09ee04c0970093570,11,roles/bootstrap-os/tasks/bootstrap-redhat.yml,add_task,add_task,追加のリポジトリを追加する必要がある,no,add_task,#7203,,TRUE
[2.15] backport cleanups / fixup,https://github.com/kubernetes-sigs/kubespray/pull/7210,7210,2021-01-25T16:46:49Z,"a40fdd9,11df7b5,22b54bc,5df533e,d6ed5f1,029db04,5d48ab5,bf1f066,6fb7600,81b95e9",1727b3501ff75d13f960a8a09ee04c0970093570,11,inventory/sample/group_vars/k8s-cluster/offline.yml,comment,comment,コメントの編集,no,comment,,,TRUE
[2.15] backport cleanups / fixup,https://github.com/kubernetes-sigs/kubespray/pull/7210,7210,2021-01-25T16:46:49Z,"a40fdd9,11df7b5,22b54bc,5df533e,d6ed5f1,029db04,5d48ab5,bf1f066,6fb7600,81b95e9",1727b3501ff75d13f960a8a09ee04c0970093570,11,roles/kubernetes/preinstall/tasks/0020-verify-settings.yml,condition,condition,,yes,condtion,,,FALSE
[2.15] backport cleanups / fixup,https://github.com/kubernetes-sigs/kubespray/pull/7210,7210,2021-01-25T16:46:49Z,"a40fdd9,11df7b5,22b54bc,5df533e,d6ed5f1,029db04,5d48ab5,bf1f066,6fb7600,81b95e9",1727b3501ff75d13f960a8a09ee04c0970093570,11,roles/network_plugin/calico/tasks/check.yml,condition,condition,,yes,condition,,,FALSE
[2.15] backport cleanups / fixup,https://github.com/kubernetes-sigs/kubespray/pull/7210,7210,2021-01-25T16:46:49Z,"a40fdd9,11df7b5,22b54bc,5df533e,d6ed5f1,029db04,5d48ab5,bf1f066,6fb7600,81b95e9",1727b3501ff75d13f960a8a09ee04c0970093570,11,roles/container-engine/docker/defaults/main.yml,edit_var,edit_var,変数削除。ここらへんのコミット、cleanupのコミットなのでバグ修正じゃなさそう,no,edit_var,#7203,,TRUE
[2.15] backport cleanups / fixup,https://github.com/kubernetes-sigs/kubespray/pull/7210,7210,2021-01-25T16:46:49Z,"a40fdd9,11df7b5,22b54bc,5df533e,d6ed5f1,029db04,5d48ab5,bf1f066,6fb7600,81b95e9",1727b3501ff75d13f960a8a09ee04c0970093570,11,roles/container-engine/containerd/defaults/main.yml,edit_var,edit_var,変数の削除,no,edit_var,#7203,,TRUE
[2.15] backport cleanups / fixup,https://github.com/kubernetes-sigs/kubespray/pull/7210,7210,2021-01-25T16:46:49Z,"a40fdd9,11df7b5,22b54bc,5df533e,d6ed5f1,029db04,5d48ab5,bf1f066,6fb7600,81b95e9",1727b3501ff75d13f960a8a09ee04c0970093570,11,roles/container-engine/containerd/vars/debian.yml,edit_var,edit_var,pkg情報の変数の編集,no,edit_var,#7115,,TRUE
[2.15] backport cleanups / fixup,https://github.com/kubernetes-sigs/kubespray/pull/7210,7210,2021-01-25T16:46:49Z,"a40fdd9,11df7b5,22b54bc,5df533e,d6ed5f1,029db04,5d48ab5,bf1f066,6fb7600,81b95e9",1727b3501ff75d13f960a8a09ee04c0970093570,11,roles/container-engine/containerd/vars/fedora.yml,edit_var,edit_var,pkg情報の変数の編集,no,edit_var,#7115,,TRUE
[2.15] backport cleanups / fixup,https://github.com/kubernetes-sigs/kubespray/pull/7210,7210,2021-01-25T16:46:49Z,"a40fdd9,11df7b5,22b54bc,5df533e,d6ed5f1,029db04,5d48ab5,bf1f066,6fb7600,81b95e9",1727b3501ff75d13f960a8a09ee04c0970093570,11,roles/container-engine/containerd/vars/redhat.yml,edit_var,edit_var,pkg情報の変数の編集,no,edit_var,#7115,,TRUE
[2.15] backport cleanups / fixup,https://github.com/kubernetes-sigs/kubespray/pull/7210,7210,2021-01-25T16:46:49Z,"a40fdd9,11df7b5,22b54bc,5df533e,d6ed5f1,029db04,5d48ab5,bf1f066,6fb7600,81b95e9",1727b3501ff75d13f960a8a09ee04c0970093570,11,roles/container-engine/containerd/vars/suse.yml,edit_var,edit_var,pkg情報の変数の編集,no,edit_var,#7115,,TRUE
[2.15] backport cleanups / fixup,https://github.com/kubernetes-sigs/kubespray/pull/7210,7210,2021-01-25T16:46:49Z,"a40fdd9,11df7b5,22b54bc,5df533e,d6ed5f1,029db04,5d48ab5,bf1f066,6fb7600,81b95e9",1727b3501ff75d13f960a8a09ee04c0970093570,11,roles/container-engine/containerd/vars/ubuntu.yml,edit_var,edit_var,pkg情報の変数の編集,no,edit_var,#7115,,TRUE
[2.15] backport cleanups / fixup,https://github.com/kubernetes-sigs/kubespray/pull/7210,7210,2021-01-25T16:46:49Z,"a40fdd9,11df7b5,22b54bc,5df533e,d6ed5f1,029db04,5d48ab5,bf1f066,6fb7600,81b95e9",1727b3501ff75d13f960a8a09ee04c0970093570,11,roles/container-engine/docker/vars/amazon.yml,edit_var,edit_var,pkg情報の変数の編集,no,edit_var,#7115,,TRUE
[2.15] backport cleanups / fixup,https://github.com/kubernetes-sigs/kubespray/pull/7210,7210,2021-01-25T16:46:49Z,"a40fdd9,11df7b5,22b54bc,5df533e,d6ed5f1,029db04,5d48ab5,bf1f066,6fb7600,81b95e9",1727b3501ff75d13f960a8a09ee04c0970093570,11,roles/container-engine/docker/vars/clearlinux.yml,edit_var,edit_var,pkg情報の変数の編集,no,edit_var,#7115,,TRUE
[2.15] backport cleanups / fixup,https://github.com/kubernetes-sigs/kubespray/pull/7210,7210,2021-01-25T16:46:49Z,"a40fdd9,11df7b5,22b54bc,5df533e,d6ed5f1,029db04,5d48ab5,bf1f066,6fb7600,81b95e9",1727b3501ff75d13f960a8a09ee04c0970093570,11,roles/container-engine/docker/vars/debian.yml,edit_var,edit_var,pkg情報の変数の編集,no,edit_var,#7115,,TRUE
[2.15] backport cleanups / fixup,https://github.com/kubernetes-sigs/kubespray/pull/7210,7210,2021-01-25T16:46:49Z,"a40fdd9,11df7b5,22b54bc,5df533e,d6ed5f1,029db04,5d48ab5,bf1f066,6fb7600,81b95e9",1727b3501ff75d13f960a8a09ee04c0970093570,11,roles/container-engine/docker/vars/suse.yml,edit_var,edit_var,pkg情報の変数の編集,no,edit_var,#7115,,TRUE
[2.15] backport cleanups / fixup,https://github.com/kubernetes-sigs/kubespray/pull/7210,7210,2021-01-25T16:46:49Z,"a40fdd9,11df7b5,22b54bc,5df533e,d6ed5f1,029db04,5d48ab5,bf1f066,6fb7600,81b95e9",1727b3501ff75d13f960a8a09ee04c0970093570,11,roles/container-engine/docker/vars/redhat.yml,edit_var,edit_var,pkg情報の変数の編集,no,edit_var,#7115,,TRUE
[2.15] backport cleanups / fixup,https://github.com/kubernetes-sigs/kubespray/pull/7210,7210,2021-01-25T16:46:49Z,"a40fdd9,11df7b5,22b54bc,5df533e,d6ed5f1,029db04,5d48ab5,bf1f066,6fb7600,81b95e9",1727b3501ff75d13f960a8a09ee04c0970093570,11,roles/container-engine/docker/vars/fedora.yml,edit_var,edit_var,pkg情報の変数の編集,no,edit_var,#7115,,TRUE
[2.15] backport cleanups / fixup,https://github.com/kubernetes-sigs/kubespray/pull/7210,7210,2021-01-25T16:46:49Z,"a40fdd9,11df7b5,22b54bc,5df533e,d6ed5f1,029db04,5d48ab5,bf1f066,6fb7600,81b95e9",1727b3501ff75d13f960a8a09ee04c0970093570,11,roles/container-engine/containerd/tasks/containerd_repo.yml,other,remove_task,2つのcleanupコミットが混ざっているので判断難しい。行数の多いremove_taskで。,no,other,#7115,,TRUE
[2.15] backport cleanups / fixup,https://github.com/kubernetes-sigs/kubespray/pull/7210,7210,2021-01-25T16:46:49Z,"a40fdd9,11df7b5,22b54bc,5df533e,d6ed5f1,029db04,5d48ab5,bf1f066,6fb7600,81b95e9",1727b3501ff75d13f960a8a09ee04c0970093570,11,roles/container-engine/containerd/tasks/main.yml,other,directive,いろいろ修正入ってる。cleanupだけど、内容はよくわからない,no,other,#7115,,TRUE
[2.15] backport cleanups / fixup,https://github.com/kubernetes-sigs/kubespray/pull/7210,7210,2021-01-25T16:46:49Z,"a40fdd9,11df7b5,22b54bc,5df533e,d6ed5f1,029db04,5d48ab5,bf1f066,6fb7600,81b95e9",1727b3501ff75d13f960a8a09ee04c0970093570,11,roles/container-engine/docker/tasks/main.yml,other,directive,うーん、くそでか差分！いっぱいなのでdirectiveで...。,no,other,#7115,,TRUE
roles/docker:  Make repokey fingerprint overrideable,https://github.com/kubernetes-sigs/kubespray/pull/7247,7247,2021-02-04T13:44:21Z,4dee760,040dacd5cdd6dbffb10c18f02d404384de461e84,1,roles/container-engine/docker/defaults/main.yml,edit_var,edit_var,repo_keysの値のデフォルト値の定義,yes,edit_var,同上,x,TRUE
roles/docker:  Make repokey fingerprint overrideable,https://github.com/kubernetes-sigs/kubespray/pull/7247,7247,2021-02-04T13:44:21Z,4dee760,040dacd5cdd6dbffb10c18f02d404384de461e84,1,roles/container-engine/docker/vars/debian.yml,hard_coded,hard_coded,repo_keysのテンプレート化,yes,hard_coded,上書き可能にするための変数,x,TRUE
roles/docker:  Make repokey fingerprint overrideable,https://github.com/kubernetes-sigs/kubespray/pull/7247,7247,2021-02-04T13:44:21Z,4dee760,040dacd5cdd6dbffb10c18f02d404384de461e84,1,roles/container-engine/docker/vars/ubuntu.yml,hard_coded,hard_coded,repo_keysのテンプレート化,yes,hard_coded,同上,x,TRUE
Update Helm version to 3.5.2,https://github.com/kubernetes-sigs/kubespray/pull/7248,7248,2021-02-04T15:43:17Z,58d11a3,670c37b4282700ba5e3144828b0bd963a45e0408,1,roles/download/defaults/main.yml,dependency,semver,semverかdependencyか難しいね。バージョンアップが本質ならsemverのほうかな？,yes,dependency,依存関係のセキュリティアップデートに追随,,FALSE
"Fix ""api is up"" check",https://github.com/kubernetes-sigs/kubespray/pull/7295,7295,2021-02-17T22:13:48Z,34abe9f,662a37ab4f623668ac002a86bb8d2fe7fe23ea10,1,roles/kubernetes/control-plane/tasks/kubeadm-upgrade.yml,condition,condition,条件の修正,yes,condition,イコールではなくinを使うように,x,TRUE
use external_openstack_lbaas_use_octavia for template openstack-cloud…,https://github.com/kubernetes-sigs/kubespray/pull/7298,7298,2021-02-18T19:06:49Z,"d3265d2,687e760,5847420,4f4f14d,118fc5c,f322739",a4cc41651184e38bb7060014350c15e755b66990,6,roles/kubespray-defaults/defaults/main.yaml,edit_var,edit_var,並びとtrueがfalseになっているので,yes,edit_var,使用されるべき変数が使用されず，inventoryに直接記述する必要があった,x,TRUE
Fixup one more missing kubespray-defaults,https://github.com/kubernetes-sigs/kubespray/pull/7375,7375,2021-03-14T22:09:11Z,abf8dcf,057e8b435877c8682c57f3bd5168728a07c7a9a9,1,scale.yml,role,role,ロールの追加,yes,role,変数を登録するロールが実行されていなかった,x,TRUE
kubeadm_feature_gates,https://github.com/kubernetes-sigs/kubespray/pull/7447,7447,2021-04-06T12:42:00Z,c12c85d,d56ac216f47f5598553f547d59b961c8b9c73ff9,1,roles/kubespray-defaults/defaults/main.yaml,edit_var,edit_var,変数定義,yes,edit_var,設定項目の干渉を防ぐため別の変数を用意,x,TRUE
kubeadm_feature_gates,https://github.com/kubernetes-sigs/kubespray/pull/7447,7447,2021-04-06T12:42:00Z,c12c85d,d56ac216f47f5598553f547d59b961c8b9c73ff9,1,roles/kubernetes/preinstall/tasks/0040-set_facts.yml,edit_var,edit_var,blockを追加して、kubeadm_feature_gatesの変数をセットしているので,yes,add_task,追加した変数のためのタスク,x,TRUE
Regenerate apiserver.crt on all control-plane nodes,https://github.com/kubernetes-sigs/kubespray/pull/7463,7463,2021-04-07T17:05:08Z,734041d,e444b3c1401fb69182283ec87616bceda287e21e,1,roles/kubernetes/control-plane/tasks/kubeadm-setup.yml,condition,edit_args,commandかもしれないけど、いっぱい変更があるのでedit_args,yes,command,バグ修正?,x,TRUE
Add auto_renew_certificates_systemd_calendar,https://github.com/kubernetes-sigs/kubespray/pull/7490,7490,2021-04-11T15:13:55Z,3cf4cc0,bf6a39eb841edbd86c92f747b87bffe836121946,1,inventory/sample/group_vars/k8s-cluster/k8s-cluster.yml,comment,no_effect,サンプル,no,comment,,,TRUE
Add auto_renew_certificates_systemd_calendar,https://github.com/kubernetes-sigs/kubespray/pull/7490,7490,2021-04-11T15:13:55Z,3cf4cc0,bf6a39eb841edbd86c92f747b87bffe836121946,1,roles/kubernetes/control-plane/defaults/main/main.yml,edit_var,edit_var,変数定義,yes,edit_var,元のIssueのバグとは関連していない,,FALSE
Add missing proxy environment in crio_repo.yml,https://github.com/kubernetes-sigs/kubespray/pull/7492,7492,2021-04-12T09:26:03Z,b64d1aa,2a2fb68b2feaeae225c87926e0d9e5456a17013e,1,roles/container-engine/cri-o/tasks/crio_repo.yml,directive,directive,environmentの追加,yes,edit_var,プロキシの環境設定が適応されていなかった,x,TRUE
Fix calico-kube-controller becomes Error for canal,https://github.com/kubernetes-sigs/kubespray/pull/7564,7564,2021-04-28T07:36:20Z,ce9feb3,1b267b6599321dd3ab2fa7465a4db4cab50eba2b,1,roles/network_plugin/canal/tasks/main.yml,permission,permission,ファイルパーミッションの変更,yes,permission,mode:0640の追加,x,TRUE
Add Amazon to the check for supported distributions,https://github.com/kubernetes-sigs/kubespray/pull/7589,7589,2021-05-08T08:19:23Z,04c5a6d,63cec45597a11f2c126382d1ca679afc687b8ca4,1,roles/kubernetes/preinstall/tasks/0020-verify-settings.yml,condition,edit_args,Amazonの追加,yes,condition,assertでサポートしているはずのAmazonLinuxが弾かれるのを修正,x,TRUE
Fix cloud_resolver type from str to list (issue #7605),https://github.com/kubernetes-sigs/kubespray/pull/7606,7606,2021-05-12T07:07:20Z,cd1da65,29c2fbdbc1872fb0e101804bd9f94e86bf9fe193,1,roles/kubernetes/preinstall/tasks/0040-set_facts.yml,jinja2,jinja2,内容は変わらず、返り値がliistになるように修正するらしい,yes,jinja2,テンプレートの展開方法に関する修正,x,TRUE
"Drop ""Server"" from crio repo URL",https://github.com/kubernetes-sigs/kubespray/pull/7699,7699,2021-06-11T07:18:23Z,96c50a1,85fe716d46fe6aef54123535a3a575740fc738f9,1,roles/container-engine/cri-o/tasks/crio_repo.yml,filepath,filepath,URLの変更,yes,edit_var,CentOS_7ServerのURLがなくなったため別の変数で置き換える必要が出た,x,TRUE
Disable conmon location override for Redhat and Fedora,https://github.com/kubernetes-sigs/kubespray/pull/7701,7701,2021-06-11T14:59:53Z,2cae48e,1928dafc7e69be0674baa49ae855ef3afdc9d2b5,1,roles/container-engine/cri-o/vars/redhat.yml,edit_var,edit_var,変数のoverrideをしないように,yes,filepath,conmonの特別な実行パスを指定する必要がなくなった,x,TRUE
Disable conmon location override for Redhat and Fedora,https://github.com/kubernetes-sigs/kubespray/pull/7701,7701,2021-06-11T14:59:53Z,2cae48e,1928dafc7e69be0674baa49ae855ef3afdc9d2b5,1,roles/container-engine/cri-o/vars/fedora.yml,edit_var,edit_var,変数のoverrideをしないように,yes,filepath,同上,x,TRUE
debian: Fix test failed after bullseye release,https://github.com/kubernetes-sigs/kubespray/pull/7888,7888,2021-08-18T04:52:45Z,2084dbd,79166496f30296f78fc16292eed85fb9f35eca21,1,roles/bootstrap-os/tasks/bootstrap-debian.yml,add_task,add_task,--allow-releaseinfo-changeつきでupdateするとよいらしい,yes,add_task,ansibleのaptモジュールでは渡せないオプションがある,x,TRUE
add cilium_operator_api_serve_addr to cilium operator config,https://github.com/kubernetes-sigs/kubespray/pull/7901,7901,2021-08-23T15:03:39Z,4c582e6,5336943a8c8d1f88e55d151e4263d1c6f4155237,1,roles/network_plugin/cilium/defaults/main.yml,edit_var,edit_var,変数定義,yes,edit_var,依存先の不具合に対する変数の追加,x,TRUE
Fix Fedora nightly jobs (mitogen issue) and centos8 CI instability,https://github.com/kubernetes-sigs/kubespray/pull/7921,7921,2021-08-29T11:02:42Z,c0e52dd,77a74adeddb2c2a86a5f61de988fdbce6f5fbdbe,1,tests/files/packet_centos8-calico.yml,other,other,gitlab ci用,no,edit_var,,,TRUE
Fix Fedora nightly jobs (mitogen issue) and centos8 CI instability,https://github.com/kubernetes-sigs/kubespray/pull/7921,7921,2021-08-29T11:02:42Z,c0e52dd,77a74adeddb2c2a86a5f61de988fdbce6f5fbdbe,1,.gitlab-ci/packet.yml,other,other,gitlab ci用,no,other,,,TRUE
crictl: add hashes for 1.22,https://github.com/kubernetes-sigs/kubespray/pull/7936,7936,2021-09-04T16:36:52Z,d5e8797,5d52025266963aea2d230980f5a9695eaf63141e,1,roles/download/defaults/main.yml,check_sum,check_sum,check_sum追加のPRなので,yes,check_sum,v1.22.xがインストールできるようcheck_sumに追加,,FALSE
[2.17] Add metrics_server_resizer option (#8018),https://github.com/kubernetes-sigs/kubespray/pull/8031,8031,2021-09-28T15:49:10Z,40d66cb,bd4407199c52cca948cecda2542b8b8ab4c3d1bd,1,inventory/sample/group_vars/k8s_cluster/addons.yml,comment,comment,コメントで変数が追加されている,no,comment,,,TRUE
[2.17] Add metrics_server_resizer option (#8018),https://github.com/kubernetes-sigs/kubespray/pull/8031,8031,2021-09-28T15:49:10Z,40d66cb,bd4407199c52cca948cecda2542b8b8ab4c3d1bd,1,roles/kubernetes-apps/metrics_server/defaults/main.yml,edit_var,edit_var,metrics_server_resizerのデフォルト値の追加,yes,edit_var,不具合修正ではなくフラグを追加して，機能を制御できるようにしている,,FALSE
Fix cloud_provider check,https://github.com/kubernetes-sigs/kubespray/pull/8164,8164,2021-11-05T21:56:08Z,c23ca7b,cb7c30a4f154567ca11a6b83aba9f6f0efdb0ea0,1,roles/kubernetes/preinstall/tasks/0020-verify-settings.yml,condition,edit_args,genericは無いのが正しい。コメントと整合性をとってる,yes,condition,assertの条件に問題があった,x,TRUE
Fix fedora reset,https://github.com/kubernetes-sigs/kubespray/pull/8205,8205,2021-11-18T09:09:47Z,"81832d8,60d9f25",acd5185ad4cb5d2882863b164a1a7088e3384c47,2,roles/reset/tasks/main.yml,jinja2,jinja2,jinja2の条件文を修正,yes,condition,,x,TRUE
Fix fedora reset,https://github.com/kubernetes-sigs/kubespray/pull/8205,8205,2021-11-18T09:09:47Z,"81832d8,60d9f25",acd5185ad4cb5d2882863b164a1a7088e3384c47,2,.gitlab-ci/packet.yml,other,other,gitlab ci用,no,other,,,TRUE
OEL7: Fix CentOS7 Extras for OEL7,https://github.com/kubernetes-sigs/kubespray/pull/8219,8219,2021-11-21T18:09:01Z,"603d3ae,024ff05",2f44b40d6846cee88c985d43ec87472397c5363b,2,roles/bootstrap-os/tasks/bootstrap-centos.yml,jinja2,jinja2,osを追加するかどうかをjinja2で制御している,yes,edit_var,OEL7で動くように修正,x,TRUE
OEL7: Fix CentOS7 Extras for OEL7,https://github.com/kubernetes-sigs/kubespray/pull/8219,8219,2021-11-21T18:09:01Z,"603d3ae,024ff05",2f44b40d6846cee88c985d43ec87472397c5363b,2,.gitlab-ci/vagrant.yml,other,other,gitlab ci用,no,other,,,TRUE
Change etcd-events listen port to avoid conflicts,https://github.com/kubernetes-sigs/kubespray/pull/8232,8232,2021-11-26T07:34:01Z,b4d3d19,a16d427536ae325911b512b3ddf860f618c4bc21,1,roles/kubespray-defaults/defaults/main.yaml,edit_var,edit_var,変数の値内にあるポート番号をいじっているので,yes,edit_var,同上,x,TRUE
Change etcd-events listen port to avoid conflicts,https://github.com/kubernetes-sigs/kubespray/pull/8232,8232,2021-11-26T07:34:01Z,b4d3d19,a16d427536ae325911b512b3ddf860f618c4bc21,1,roles/etcd/handlers/main.yml,filepath,edit_args,ポート番号なので、filepathじゃないか,yes,edit_var,portのコンフリクトを修正,x,TRUE
[2.17] Add vxlanEnabled spec in FelixConfiguration,https://github.com/kubernetes-sigs/kubespray/pull/8240,8240,2021-11-28T15:39:50Z,64c8e1c,69c21e1c359f985de6764a26e0b7bada6c3a7d70,1,roles/network_plugin/calico/tasks/install.yml,edit_var,edit_var,varsの中の値なので,yes,command,コマンドにオプションを追加,x,TRUE
sample containerd: containerd_runtimes is removed,https://github.com/kubernetes-sigs/kubespray/pull/8301,8301,2021-12-12T16:00:57Z,25e8bf6,8ac510e4d61bbc679a7aefebe60e20356e9ba95f,1,inventory/sample/group_vars/all/containerd.yml,comment,comment,sampleが更新されていなかったので、修正しましたというPRらしい,no,comment,yamlの書き方のサンプル修正,,TRUE
adding 0 checksum for kata_containers_version on arm(64),https://github.com/kubernetes-sigs/kubespray/pull/8383,8383,2022-01-06T13:35:36Z,d37387f,1312f92a8da15cd2bdefdead42bbe7e34491d9b2,1,roles/download/defaults/main.yml,check_sum,check_sum,0だけど、これはchecksumらしい。,yes,edit_var,placeholderがないため実行に失敗する,x,TRUE
cert-manager: Allow to change leader election namespace for GKE Autopilot support,https://github.com/kubernetes-sigs/kubespray/pull/8424,8424,2022-01-13T20:12:53Z,041ba01,ccd3180a69b69a9cfa6b5cd0ed7da7c310ea7daf,1,inventory/sample/group_vars/k8s_cluster/addons.yml,comment,comment,sampleにコメントとして追加,no,comment,,,TRUE
cert-manager: Allow to change leader election namespace for GKE Autopilot support,https://github.com/kubernetes-sigs/kubespray/pull/8424,8424,2022-01-13T20:12:53Z,041ba01,ccd3180a69b69a9cfa6b5cd0ed7da7c310ea7daf,1,roles/kubernetes-apps/ingress_controller/cert_manager/defaults/main.yml,hard_coded,edit_var,変数定義,yes,hard_coded,cert-manager.yml.j2にハードコードされているのを変数に置き換え,x,TRUE
[containerd] Upgrade containerd to 1.6.0 and re-enable arm64 architecture with default options,https://github.com/kubernetes-sigs/kubespray/pull/8555,8555,2022-02-17T18:27:36Z,"6c47f2d,1490787,b665fd5,200131e,6c5732e",bf7a506f792efe9d1bb2f2fd783ae2b416ee3168,5,roles/download/defaults/main.yml,dependency,check_sum,checksumの追加,yes,dependency,containerdとnerdctlのバージョン引き上げ,,FALSE
[containerd] Upgrade containerd to 1.6.0 and re-enable arm64 architecture with default options,https://github.com/kubernetes-sigs/kubespray/pull/8555,8555,2022-02-17T18:27:36Z,"6c47f2d,1490787,b665fd5,200131e,6c5732e",bf7a506f792efe9d1bb2f2fd783ae2b416ee3168,5,roles/reset/tasks/main.yml,directive,directive,ignore_errorsの追加。PRの内容とは関係ないけど、動作には影響しそう。,no,directive,ignore_errors,,TRUE
[systemd-resolved] Fix DNS configuration according to docs/dns-stack.…,https://github.com/kubernetes-sigs/kubespray/pull/8561,8561,2022-02-18T10:07:54Z,31a9e32,d444a2fb8346a80f6307ed533ac571e099b4a19d,1,reset.yml,role,role,roleの追加,yes,role,,x,TRUE
Fix cri-o packages install for Rocky 8,https://github.com/kubernetes-sigs/kubespray/pull/8594,8594,2022-03-02T18:52:38Z,"7205cb2,28de285",3ccba08983123da24ade36f1451f68b8bf526238,2,roles/container-engine/cri-o/vars/rocky-8.yml,other,edit_var,なんだこれ,yes,other,centos-8.ymlとだけ書かれたファイル,,FALSE
[containerd] avoid cleanup of /usr/bin on ostree distributions,https://github.com/kubernetes-sigs/kubespray/pull/8624,8624,2022-03-15T17:19:15Z,fd58f31,5043517cfb78d644aaeefb43de36fd3b6f484c8c,1,roles/container-engine/containerd/tasks/main.yml,condition,condition,条件の修正,yes,condition,/usr/binがないディストリビューションのときにタスクを実行しないように,x,TRUE
Run 0100-dhclient-hooks if dhcpclient is enabled,https://github.com/kubernetes-sigs/kubespray/pull/8658,8658,2022-03-29T02:00:44Z,6eed16f,503ab0f72277f38e027e0cf6d7c39086c0611e4a,1,roles/kubernetes/preinstall/tasks/main.yml,condition,condition,条件の修正,yes,condition,dhcpのクライアントが起動していない時にタスクが発火するのを防ぐ,x,TRUE
Run 0100-dhclient-hooks if dhcpclient is enabled,https://github.com/kubernetes-sigs/kubespray/pull/8658,8658,2022-03-29T02:00:44Z,6eed16f,503ab0f72277f38e027e0cf6d7c39086c0611e4a,1,roles/kubernetes/preinstall/tasks/0100-dhclient-hooks.yml,condition,condition,条件の修正,yes,condition,同上,x,TRUE
Run 0100-dhclient-hooks if dhcpclient is enabled,https://github.com/kubernetes-sigs/kubespray/pull/8658,8658,2022-03-29T02:00:44Z,6eed16f,503ab0f72277f38e027e0cf6d7c39086c0611e4a,1,roles/kubernetes/preinstall/tasks/0110-dhclient-hooks-undo.yml,condition,condition,条件の修正,yes,condition,同上,x,TRUE
Add ETCD_EXPERIMENTAL_INITIAL_CORRUPT_CHECK flag to etcd config,https://github.com/kubernetes-sigs/kubespray/pull/8664,8664,2022-03-30T08:13:32Z,336e15b,1c0df78278964b89a797e5e7c1ea340a8e82ad44,1,roles/etcd/defaults/main.yml,edit_var,edit_var,etcd_experimental_initial_corrupt_checkの定義,yes,edit_var,etcd 3.5.x issueによる対応,x,TRUE
Fix validate-container-engine role in vagrant CI jobs,https://github.com/kubernetes-sigs/kubespray/pull/8678,8678,2022-04-03T13:39:24Z,ad55fc0,cc9c376d0fec60a781b13c095cd969a885d46b5b,1,roles/container-engine/validate-container-engine/tasks/main.yml,tags,tag,tagの追加,yes,tag,ciが失敗していた,x,TRUE
Removed quotation at nerdctl_extra_flags.,https://github.com/kubernetes-sigs/kubespray/pull/8695,8695,2022-04-08T11:34:22Z,a842499,00a4d2d3c4878adbd17bebe6fb7ce6aedafa5761,1,roles/download/defaults/main.yml,edit_var,edit_var,エスケープ処理で困ってそう,yes,edit_var,"nerdctlに渡すオプションが間違っていた
command?",x,TRUE
Fixes for Hetzner terraform and Hetzner Cloud,https://github.com/kubernetes-sigs/kubespray/pull/8702,8702,2022-04-10T18:15:48Z,"992ab33,f1e87fe",9dced7133c336f15156147b4d3dfc274315c0cbe,2,inventory/sample/group_vars/all/hcloud.yml,comment,comment,サンプルにコメントを追加,no,comment,,,TRUE
Fixes for Hetzner terraform and Hetzner Cloud,https://github.com/kubernetes-sigs/kubespray/pull/8702,8702,2022-04-10T18:15:48Z,"992ab33,f1e87fe",9dced7133c336f15156147b4d3dfc274315c0cbe,2,roles/kubernetes-apps/external_cloud_controller/hcloud/tasks/main.yml,jinja2,edit_args,with_itemsに項目を追加している,yes,edit_var,導入した変数で用いる名前を変更するように,x,TRUE
Ensure containerd service unmasking,https://github.com/kubernetes-sigs/kubespray/pull/8726,8726,2022-04-18T20:34:49Z,"3e05e1c,6c6dcaa,ed9fa2d,8e2dc6e",21fc197ee0d7221c5e9f76adaed7add7d2d153e1,4,roles/container-engine/containerd/tasks/main.yml,add_task,directive,serviceの代わりに、systemdを使うようになって、daemon_reloadが追加された,yes,other,"同上,serviceモジュールからsystemdに変わっている",x,TRUE
Ensure containerd service unmasking,https://github.com/kubernetes-sigs/kubespray/pull/8726,8726,2022-04-18T20:34:49Z,"3e05e1c,6c6dcaa,ed9fa2d,8e2dc6e",21fc197ee0d7221c5e9f76adaed7add7d2d153e1,4,roles/container-engine/containerd/handlers/main.yml,edit_args,directive,maskedの追加,yes,edit_args,kubespray起動前にサービスが起動しているとプレイブック実行後にマスクされてしまうのでエラーが発生する,x,TRUE
Ensure containerd service unmasking,https://github.com/kubernetes-sigs/kubespray/pull/8726,8726,2022-04-18T20:34:49Z,"3e05e1c,6c6dcaa,ed9fa2d,8e2dc6e",21fc197ee0d7221c5e9f76adaed7add7d2d153e1,4,roles/container-engine/docker/handlers/main.yml,edit_args,directive,maskedの追加,yes,edit_args,同上,x,TRUE
Ensure containerd service unmasking,https://github.com/kubernetes-sigs/kubespray/pull/8726,8726,2022-04-18T20:34:49Z,"3e05e1c,6c6dcaa,ed9fa2d,8e2dc6e",21fc197ee0d7221c5e9f76adaed7add7d2d153e1,4,roles/container-engine/cri-dockerd/handlers/main.yml,edit_args,directive,maskedの追加,yes,edit_args,同上,x,TRUE
wrong service name for coredns,https://github.com/kubernetes-sigs/kubespray/pull/8811,8811,2022-05-11T15:03:45Z,44ccb8f,b289f533b3b49ecf03baf755bd18b2da48608b3f,1,roles/kubernetes-apps/ansible/tasks/cleanup_dns.yml,command,command,corednsに変更,yes,command,コマンドで指定する名前が間違っている,x,TRUE
Support cilium ip-masq-agent configuration,https://github.com/kubernetes-sigs/kubespray/pull/8893,8893,2022-05-30T04:25:06Z,"b2bc25d,7d9b24e",c927da00e07ce631fb6fa1baa4ebcffe47c08682,2,roles/network_plugin/cilium/defaults/main.yml,edit_var,edit_var,変数の定義,no,edit_var,変数の追加,x,FALSE
use latest calicoctl repo first,https://github.com/kubernetes-sigs/kubespray/pull/8920,8920,2022-06-03T07:28:23Z,b097c0b,f53764f9496d810fe8327dcf7f1e47cc8ae815a6,1,roles/download/defaults/main.yml,filepath,filepath,URLの変更,yes,edit_var,変数で指定しているURLはすでに使えなくなっている,x,TRUE
Fix: set fallback value of kubelet ip6 (#8858),https://github.com/kubernetes-sigs/kubespray/pull/8926,8926,2022-06-04T10:51:46Z,"5d0580b,1326063,c2eac52",77f436fa390bb7bbe87187ee2126f2cc2961d8ac,3,roles/kubernetes/node/defaults/main.yml,jinja2,jinja2,fallbackかも?,yes,edit_var,kubeadmを利用している時にipv6アドレスが設定されていないためFallbackを設定する,x,TRUE
Fix calicoctl version to v3.23.3,https://github.com/kubernetes-sigs/kubespray/pull/9121,9121,2022-07-26T09:35:28Z,5be7b08,4b3db07cdb6b08c78045a12a1697e341b9b08adc,1,roles/download/defaults/main.yml,dependency,dependency,定義してあったバージョン番号が間違えてた,yes,dependency,バージョンを正しいものにする,x,TRUE
fix: remove condition for user creation,https://github.com/kubernetes-sigs/kubespray/pull/9125,9125,2022-07-28T10:26:54Z,7c7dae6,86d05ac180f08a47a6f3b5d57a88264b684b5af8,1,roles/adduser/tasks/main.yml,condition,condition,user.nameを使うのが正しい,yes,condition,idempotenyのため不要な条件を無視する,x,TRUE
cri-dockerd: add restart of docker.service,https://github.com/kubernetes-sigs/kubespray/pull/9205,9205,2022-08-22T15:49:19Z,"5df8bf1,171b90f",64daaf18875877a89f39dbea99e49f3eae7f2793,2,roles/container-engine/cri-dockerd/handlers/main.yml,add_task,add_task,タスク追加して、notifyで呼び出す,yes,add_task,restartで回避できるためそのタスクの追加,x,TRUE
cri-dockerd: add restart of docker.service,https://github.com/kubernetes-sigs/kubespray/pull/9205,9205,2022-08-22T15:49:19Z,"5df8bf1,171b90f",64daaf18875877a89f39dbea99e49f3eae7f2793,2,roles/container-engine/cri-dockerd/tasks/main.yml,add_task,add_task,meta、今までnotifyされてまだ実行されていないやつを呼べるらしい,yes,add_task,ハンドラを実行する,x,TRUE
Changed createhome to create_home,https://github.com/kubernetes-sigs/kubespray/pull/9314,9314,2022-09-23T05:09:53Z,e3a4598,d387d4811f8daf6177835f0bf0a4544683e88166,1,roles/adduser/tasks/main.yml,edit_args,directive,userモジュールはcreate_homeをパラメータとして扱うので、こうじゃないとだめ,yes,edit_args,同上,x,TRUE
Changed createhome to create_home,https://github.com/kubernetes-sigs/kubespray/pull/9314,9314,2022-09-23T05:09:53Z,e3a4598,d387d4811f8daf6177835f0bf0a4544683e88166,1,roles/adduser/vars/debian.yml,edit_var,edit_var,key名が変更。create_homeじゃないと動かない,yes,edit_args,createhome -> create_home,x,TRUE
Changed createhome to create_home,https://github.com/kubernetes-sigs/kubespray/pull/9314,9314,2022-09-23T05:09:53Z,e3a4598,d387d4811f8daf6177835f0bf0a4544683e88166,1,roles/adduser/vars/coreos.yml,edit_var,edit_var,key名が変更。create_homeじゃないと動かない,yes,edit_args,同上,x,TRUE
Changed createhome to create_home,https://github.com/kubernetes-sigs/kubespray/pull/9314,9314,2022-09-23T05:09:53Z,e3a4598,d387d4811f8daf6177835f0bf0a4544683e88166,1,roles/adduser/vars/redhat.yml,edit_var,edit_var,key名が変更。create_homeじゃないと動かない,yes,edit_args,同上,x,TRUE
Changed createhome to create_home,https://github.com/kubernetes-sigs/kubespray/pull/9314,9314,2022-09-23T05:09:53Z,e3a4598,d387d4811f8daf6177835f0bf0a4544683e88166,1,roles/adduser/defaults/main.yml,edit_var,edit_var,key名が変更。create_homeじゃないと動かない,yes,edit_args,同上,x,TRUE
Fix iputils install failure in Kylin OS,https://github.com/kubernetes-sigs/kubespray/pull/9416,9416,2022-10-21T09:20:25Z,076337b,9fdda7eca8b7b47a7cb980ec57cb8030ea3c7b3a,1,roles/kubernetes/preinstall/tasks/0040-set_facts.yml,move,move,順番が大事っぽいけど、別ファイルへの移動なので,yes,move,,x,TRUE
Fix iputils install failure in Kylin OS,https://github.com/kubernetes-sigs/kubespray/pull/9416,9416,2022-10-21T09:20:25Z,076337b,9fdda7eca8b7b47a7cb980ec57cb8030ea3c7b3a,1,roles/bootstrap-os/tasks/main.yml,move,move,順番が大事っぽいけど、別ファイルへの移動なので,yes,move,set_factの順番を早める必要がある,x,TRUE